Hotel Name,Location,Price,Rating,Score,Reviews,Link
Seaview Apartment by Lin Residences,Male City,NA,Fabulous,8.98.9,235 reviews,https://www.booking.com/hotel/mv/seaview-rooms-by-lin.en-gb.html?aid=304142&label=gen173nr-1FCAQoggJCDHNlYXJjaF9tYWzDqUgzWARobIgBAZgBCbgBB8gBDNgBAegBAfgBA4gCAagCA7gCltuWvgbAAgHSAiRhZTRiZGVkMy05Yzc1LTRjZmEtYWQ1ZC03NDZjNTQ2ZWU1ZTDYAgXgAgE&ucfs=1&arphpl=1&group_adults=2&req_adults=2&no_rooms=1&group_children=0&req_children=0&hpos=1&hapos=1&sr_order=popularity&srpvid=252c5e4bcd1d0096&srepoch=1741008279&from=searchresults
The Park House,Male City,NA,Good,7.57.5,951 reviews,https://www.booking.com/hotel/mv/the-park-house.en-gb.html?aid=304142&label=gen173nr-1FCAQoggJCDHNlYXJjaF9tYWzDqUgzWARobIgBAZgBCbgBB8gBDNgBAegBAfgBA4gCAagCA7gCltuWvgbAAgHSAiRhZTRiZGVkMy05Yzc1LTRjZmEtYWQ1ZC03NDZjNTQ2ZWU1ZTDYAgXgAgE&ucfs=1&arphpl=1&group_adults=2&req_adults=2&no_rooms=1&group_children=0&req_children=0&hpos=2&hapos=2&sr_order=popularity&srpvid=252c5e4bcd1d0096&srepoch=1741008279&from=searchresults
NAP CORNER - Napfor Sale - PRIV HOTELS,Male City,NA,Good,7.67.6,"1,490 reviews",https://www.booking.com/hotel/mv/nap-corner-nap-for-sale.en-gb.html?aid=304142&label=gen173nr-1FCAQoggJCDHNlYXJjaF9tYWzDqUgzWARobIgBAZgBCbgBB8gBDNgBAegBAfgBA4gCAagCA7gCltuWvgbAAgHSAiRhZTRiZGVkMy05Yzc1LTRjZmEtYWQ1ZC03NDZjNTQ2ZWU1ZTDYAgXgAgE&ucfs=1&arphpl=1&group_adults=2&req_adults=2&no_rooms=1&group_children=0&req_children=0&hpos=3&hapos=3&sr_order=popularity&srpvid=252c5e4bcd1d0096&srepoch=1741008279&from=searchresults
Marukab Plaza,Male City,NA,Very good,8.08.0,"1,118 reviews",https://www.booking.com/hotel/mv/marukab-plaza.en-gb.html?aid=304142&label=gen173nr-1FCAQoggJCDHNlYXJjaF9tYWzDqUgzWARobIgBAZgBCbgBB8gBDNgBAegBAfgBA4gCAagCA7gCltuWvgbAAgHSAiRhZTRiZGVkMy05Yzc1LTRjZmEtYWQ1ZC03NDZjNTQ2ZWU1ZTDYAgXgAgE&ucfs=1&arphpl=1&group_adults=2&req_adults=2&no_rooms=1&group_children=0&req_children=0&hpos=4&hapos=4&sr_order=popularity&srpvid=252c5e4bcd1d0096&srepoch=1741008279&from=searchresults
UMET Seaview Hotel with Free Roundtrip Airport Pick up and drop off,Male City,NA,Very good,8.08.0,385 reviews,https://www.booking.com/hotel/mv/umet-seaview.en-gb.html?aid=304142&label=gen173nr-1FCAQoggJCDHNlYXJjaF9tYWzDqUgzWARobIgBAZgBCbgBB8gBDNgBAegBAfgBA4gCAagCA7gCltuWvgbAAgHSAiRhZTRiZGVkMy05Yzc1LTRjZmEtYWQ1ZC03NDZjNTQ2ZWU1ZTDYAgXgAgE&ucfs=1&arphpl=1&group_adults=2&req_adults=2&no_rooms=1&group_children=0&req_children=0&hpos=5&hapos=5&sr_order=popularity&srpvid=252c5e4bcd1d0096&srepoch=1741008279&from=searchresults
Rooftop Rooms,Male City,NA,Good,7.87.8,54 reviews,https://www.booking.com/hotel/mv/rooftop-rooms-male-maldives.en-gb.html?aid=304142&label=gen173nr-1FCAQoggJCDHNlYXJjaF9tYWzDqUgzWARobIgBAZgBCbgBB8gBDNgBAegBAfgBA4gCAagCA7gCltuWvgbAAgHSAiRhZTRiZGVkMy05Yzc1LTRjZmEtYWQ1ZC03NDZjNTQ2ZWU1ZTDYAgXgAgE&ucfs=1&arphpl=1&group_adults=2&req_adults=2&no_rooms=1&group_children=0&req_children=0&hpos=6&hapos=6&sr_order=popularity&srpvid=252c5e4bcd1d0096&srepoch=1741008279&from=searchresults
The Beehive,Male City,NA,Good,7.27.2,472 reviews,https://www.booking.com/hotel/mv/beehive-nalahiya.en-gb.html?aid=304142&label=gen173nr-1FCAQoggJCDHNlYXJjaF9tYWzDqUgzWARobIgBAZgBCbgBB8gBDNgBAegBAfgBA4gCAagCA7gCltuWvgbAAgHSAiRhZTRiZGVkMy05Yzc1LTRjZmEtYWQ1ZC03NDZjNTQ2ZWU1ZTDYAgXgAgE&ucfs=1&arphpl=1&group_adults=2&req_adults=2&no_rooms=1&group_children=0&req_children=0&hpos=7&hapos=7&sr_order=popularity&srpvid=252c5e4bcd1d0096&srepoch=1741008279&from=searchresults
Resting View,Male City,NA,Very good,8.28.2,247 reviews,https://www.booking.com/hotel/mv/mhaircare-plus-building1st-amp-2nd-floor-haveeree-hingun.en-gb.html?aid=304142&label=gen173nr-1FCAQoggJCDHNlYXJjaF9tYWzDqUgzWARobIgBAZgBCbgBB8gBDNgBAegBAfgBA4gCAagCA7gCltuWvgbAAgHSAiRhZTRiZGVkMy05Yzc1LTRjZmEtYWQ1ZC03NDZjNTQ2ZWU1ZTDYAgXgAgE&ucfs=1&arphpl=1&group_adults=2&req_adults=2&no_rooms=1&group_children=0&req_children=0&hpos=8&hapos=8&sr_order=popularity&srpvid=252c5e4bcd1d0096&srepoch=1741008279&from=searchresults
Unima Grand,Male City,NA,Good,7.67.6,"1,437 reviews",https://www.booking.com/hotel/mv/unima-grand.en-gb.html?aid=304142&label=gen173nr-1FCAQoggJCDHNlYXJjaF9tYWzDqUgzWARobIgBAZgBCbgBB8gBDNgBAegBAfgBA4gCAagCA7gCltuWvgbAAgHSAiRhZTRiZGVkMy05Yzc1LTRjZmEtYWQ1ZC03NDZjNTQ2ZWU1ZTDYAgXgAgE&ucfs=1&arphpl=1&group_adults=2&req_adults=2&no_rooms=1&group_children=0&req_children=0&hpos=9&hapos=9&sr_order=popularity&srpvid=252c5e4bcd1d0096&srepoch=1741008279&from=searchresults
Rooftop Rooms,Male City,NA,Review score,6.26.2,67 reviews,https://www.booking.com/hotel/mv/rooftop-rooms-male1.en-gb.html?aid=304142&label=gen173nr-1FCAQoggJCDHNlYXJjaF9tYWzDqUgzWARobIgBAZgBCbgBB8gBDNgBAegBAfgBA4gCAagCA7gCltuWvgbAAgHSAiRhZTRiZGVkMy05Yzc1LTRjZmEtYWQ1ZC03NDZjNTQ2ZWU1ZTDYAgXgAgE&ucfs=1&arphpl=1&group_adults=2&req_adults=2&no_rooms=1&group_children=0&req_children=0&hpos=10&hapos=10&sr_order=popularity&srpvid=252c5e4bcd1d0096&srepoch=1741008279&from=searchresults
Summer Beach Maldives,Male City,NA,Very good,8.38.3,"1,347 reviews",https://www.booking.com/hotel/mv/summer-beach.en-gb.html?aid=304142&label=gen173nr-1FCAQoggJCDHNlYXJjaF9tYWzDqUgzWARobIgBAZgBCbgBB8gBDNgBAegBAfgBA4gCAagCA7gCltuWvgbAAgHSAiRhZTRiZGVkMy05Yzc1LTRjZmEtYWQ1ZC03NDZjNTQ2ZWU1ZTDYAgXgAgE&ucfs=1&arphpl=1&group_adults=2&req_adults=2&no_rooms=1&group_children=0&req_children=0&hpos=11&hapos=11&sr_order=popularity&srpvid=252c5e4bcd1d0096&srepoch=1741008279&from=searchresults
Samann Grand,Male City,NA,Very good,8.48.4,"2,041 reviews",https://www.booking.com/hotel/mv/samann-grand.en-gb.html?aid=304142&label=gen173nr-1FCAQoggJCDHNlYXJjaF9tYWzDqUgzWARobIgBAZgBCbgBB8gBDNgBAegBAfgBA4gCAagCA7gCltuWvgbAAgHSAiRhZTRiZGVkMy05Yzc1LTRjZmEtYWQ1ZC03NDZjNTQ2ZWU1ZTDYAgXgAgE&ucfs=1&arphpl=1&group_adults=2&req_adults=2&no_rooms=1&group_children=0&req_children=0&hpos=12&hapos=12&sr_order=popularity&srpvid=252c5e4bcd1d0096&srepoch=1741008279&from=searchresults
Beehive Premier,Male City,NA,Good,7.87.8,639 reviews,https://www.booking.com/hotel/mv/beehive-premier-male.en-gb.html?aid=304142&label=gen173nr-1FCAQoggJCDHNlYXJjaF9tYWzDqUgzWARobIgBAZgBCbgBB8gBDNgBAegBAfgBA4gCAagCA7gCltuWvgbAAgHSAiRhZTRiZGVkMy05Yzc1LTRjZmEtYWQ1ZC03NDZjNTQ2ZWU1ZTDYAgXgAgE&ucfs=1&arphpl=1&group_adults=2&req_adults=2&no_rooms=1&group_children=0&req_children=0&hpos=13&hapos=13&sr_order=popularity&srpvid=252c5e4bcd1d0096&srepoch=1741008279&from=searchresults
Off Day Inn,Male City,NA,Review score,5.45.4,682 reviews,https://www.booking.com/hotel/mv/off-day-inn.en-gb.html?aid=304142&label=gen173nr-1FCAQoggJCDHNlYXJjaF9tYWzDqUgzWARobIgBAZgBCbgBB8gBDNgBAegBAfgBA4gCAagCA7gCltuWvgbAAgHSAiRhZTRiZGVkMy05Yzc1LTRjZmEtYWQ1ZC03NDZjNTQ2ZWU1ZTDYAgXgAgE&ucfs=1&arphpl=1&group_adults=2&req_adults=2&no_rooms=1&group_children=0&req_children=0&hpos=14&hapos=14&sr_order=popularity&srpvid=252c5e4bcd1d0096&srepoch=1741008279&from=searchresults
Mayweed,Male City,NA,Fabulous,8.88.8,22 reviews,https://www.booking.com/hotel/mv/mayweed.en-gb.html?aid=304142&label=gen173nr-1FCAQoggJCDHNlYXJjaF9tYWzDqUgzWARobIgBAZgBCbgBB8gBDNgBAegBAfgBA4gCAagCA7gCltuWvgbAAgHSAiRhZTRiZGVkMy05Yzc1LTRjZmEtYWQ1ZC03NDZjNTQ2ZWU1ZTDYAgXgAgE&ucfs=1&arphpl=1&group_adults=2&req_adults=2&no_rooms=1&group_children=0&req_children=0&hpos=15&hapos=15&sr_order=popularity&srpvid=252c5e4bcd1d0096&srepoch=1741008279&from=searchresults
Reef Guest House,Male City,NA,Fabulous,8.98.9,"1,712 reviews",https://www.booking.com/hotel/mv/reef-guest-house.en-gb.html?aid=304142&label=gen173nr-1FCAQoggJCDHNlYXJjaF9tYWzDqUgzWARobIgBAZgBCbgBB8gBDNgBAegBAfgBA4gCAagCA7gCltuWvgbAAgHSAiRhZTRiZGVkMy05Yzc1LTRjZmEtYWQ1ZC03NDZjNTQ2ZWU1ZTDYAgXgAgE&ucfs=1&arphpl=1&group_adults=2&req_adults=2&no_rooms=1&group_children=0&req_children=0&hpos=16&hapos=16&sr_order=popularity&srpvid=252c5e4bcd1d0096&srepoch=1741008279&from=searchresults
Jen Maldives Male by Shangri-La,Male City,NA,Good,7.87.8,269 reviews,https://www.booking.com/hotel/mv/hotel-jen-male-maldives.en-gb.html?aid=304142&label=gen173nr-1FCAQoggJCDHNlYXJjaF9tYWzDqUgzWARobIgBAZgBCbgBB8gBDNgBAegBAfgBA4gCAagCA7gCltuWvgbAAgHSAiRhZTRiZGVkMy05Yzc1LTRjZmEtYWQ1ZC03NDZjNTQ2ZWU1ZTDYAgXgAgE&ucfs=1&arphpl=1&group_adults=2&req_adults=2&no_rooms=1&group_children=0&req_children=0&hpos=17&hapos=17&sr_order=popularity&srpvid=252c5e4bcd1d0096&srepoch=1741008279&from=searchresults
"Manhattan Business Hotel, Male",Male City,NA,Very good,8.08.0,845 reviews,https://www.booking.com/hotel/mv/manhattan-business.en-gb.html?aid=304142&label=gen173nr-1FCAQoggJCDHNlYXJjaF9tYWzDqUgzWARobIgBAZgBCbgBB8gBDNgBAegBAfgBA4gCAagCA7gCltuWvgbAAgHSAiRhZTRiZGVkMy05Yzc1LTRjZmEtYWQ1ZC03NDZjNTQ2ZWU1ZTDYAgXgAgE&ucfs=1&arphpl=1&group_adults=2&req_adults=2&no_rooms=1&group_children=0&req_children=0&hpos=18&hapos=18&sr_order=popularity&srpvid=252c5e4bcd1d0096&srepoch=1741008279&from=searchresults
Resting View,Male City,NA,Very good,8.48.4,209 reviews,https://www.booking.com/hotel/mv/mmasaaul-barudhu-1st-amp-2nd-floor-haveeree-hingun.en-gb.html?aid=304142&label=gen173nr-1FCAQoggJCDHNlYXJjaF9tYWzDqUgzWARobIgBAZgBCbgBB8gBDNgBAegBAfgBA4gCAagCA7gCltuWvgbAAgHSAiRhZTRiZGVkMy05Yzc1LTRjZmEtYWQ1ZC03NDZjNTQ2ZWU1ZTDYAgXgAgE&ucfs=1&arphpl=1&group_adults=2&req_adults=2&no_rooms=1&group_children=0&req_children=0&hpos=19&hapos=19&sr_order=popularity&srpvid=252c5e4bcd1d0096&srepoch=1741008279&from=searchresults
Tourist Inn,Male City,NA,Fabulous,8.98.9,"1,033 reviews",https://www.booking.com/hotel/mv/tourist-inn.en-gb.html?aid=304142&label=gen173nr-1FCAQoggJCDHNlYXJjaF9tYWzDqUgzWARobIgBAZgBCbgBB8gBDNgBAegBAfgBA4gCAagCA7gCltuWvgbAAgHSAiRhZTRiZGVkMy05Yzc1LTRjZmEtYWQ1ZC03NDZjNTQ2ZWU1ZTDYAgXgAgE&ucfs=1&arphpl=1&group_adults=2&req_adults=2&no_rooms=1&group_children=0&req_children=0&hpos=20&hapos=20&sr_order=popularity&srpvid=252c5e4bcd1d0096&srepoch=1741008279&from=searchresults
"Biosphere Hulhumale, Luxury 1BHK with Ocean View",Male City,NA,NA,NA,NA,https://www.booking.com/hotel/mv/biosphere-hulhumale-luxury-1bhk-with-ocean-view.en-gb.html?aid=304142&label=gen173nr-1FCAQoggJCDHNlYXJjaF9tYWzDqUgzWARobIgBAZgBCbgBB8gBDNgBAegBAfgBA4gCAagCA7gCltuWvgbAAgHSAiRhZTRiZGVkMy05Yzc1LTRjZmEtYWQ1ZC03NDZjNTQ2ZWU1ZTDYAgXgAgE&ucfs=1&arphpl=1&group_adults=2&req_adults=2&no_rooms=1&group_children=0&req_children=0&hpos=21&hapos=21&sr_order=popularity&srpvid=252c5e4bcd1d0096&srepoch=1741008279&from=searchresults
Club Blu,Male City,NA,Good,7.17.1,93 reviews,https://www.booking.com/hotel/mv/club-blu-male.en-gb.html?aid=304142&label=gen173nr-1FCAQoggJCDHNlYXJjaF9tYWzDqUgzWARobIgBAZgBCbgBB8gBDNgBAegBAfgBA4gCAagCA7gCltuWvgbAAgHSAiRhZTRiZGVkMy05Yzc1LTRjZmEtYWQ1ZC03NDZjNTQ2ZWU1ZTDYAgXgAgE&ucfs=1&arphpl=1&group_adults=2&req_adults=2&no_rooms=1&group_children=0&req_children=0&hpos=22&hapos=22&sr_order=popularity&srpvid=252c5e4bcd1d0096&srepoch=1741008279&from=searchresults
The Hive Beach,Male City,NA,Good,7.47.4,375 reviews,https://www.booking.com/hotel/mv/the-hive-beach-male.en-gb.html?aid=304142&label=gen173nr-1FCAQoggJCDHNlYXJjaF9tYWzDqUgzWARobIgBAZgBCbgBB8gBDNgBAegBAfgBA4gCAagCA7gCltuWvgbAAgHSAiRhZTRiZGVkMy05Yzc1LTRjZmEtYWQ1ZC03NDZjNTQ2ZWU1ZTDYAgXgAgE&ucfs=1&arphpl=1&group_adults=2&req_adults=2&no_rooms=1&group_children=0&req_children=0&hpos=23&hapos=23&sr_order=popularity&srpvid=252c5e4bcd1d0096&srepoch=1741008279&from=searchresults
Beachfront Apartment,Male City,NA,Fabulous,8.88.8,50 reviews,https://www.booking.com/hotel/mv/beachfront-apartment.en-gb.html?aid=304142&label=gen173nr-1FCAQoggJCDHNlYXJjaF9tYWzDqUgzWARobIgBAZgBCbgBB8gBDNgBAegBAfgBA4gCAagCA7gCltuWvgbAAgHSAiRhZTRiZGVkMy05Yzc1LTRjZmEtYWQ1ZC03NDZjNTQ2ZWU1ZTDYAgXgAgE&ucfs=1&arphpl=1&group_adults=2&req_adults=2&no_rooms=1&group_children=0&req_children=0&hpos=24&hapos=24&sr_order=popularity&srpvid=252c5e4bcd1d0096&srepoch=1741008279&from=searchresults
Kurumba Maldives,Male City,NA,Superb,9.19.1,"1,180 reviews",https://www.booking.com/hotel/mv/kurumba-maldives.en-gb.html?aid=304142&label=gen173nr-1FCAQoggJCDHNlYXJjaF9tYWzDqUgzWARobIgBAZgBCbgBB8gBDNgBAegBAfgBA4gCAagCA7gCltuWvgbAAgHSAiRhZTRiZGVkMy05Yzc1LTRjZmEtYWQ1ZC03NDZjNTQ2ZWU1ZTDYAgXgAgE&ucfs=1&arphpl=1&group_adults=2&req_adults=2&no_rooms=1&group_children=0&req_children=0&hpos=25&hapos=25&sr_order=popularity&srpvid=252c5e4bcd1d0096&srepoch=1741008279&from_sustainable_property_sr=1&from=searchresults
